{"cameraMode":{"drawMode":0,"name":"Shaded","section":"Shading Mode"},"sceneLighting":true,"audioPlay":false,"sceneViewState":{"m_AlwaysRefresh":false,"showFog":true,"showSkybox":true,"showFlares":true,"showImageEffects":true,"showParticleSystems":true,"showVisualEffectGraphs":true,"m_FxEnabled":true},"in2DMode":false,"pivot":{"x":3418.562744140625,"y":211.85198974609376,"z":104.72238159179688},"rotation":{"x":-0.06775601953268051,"y":-0.006886822637170553,"z":0.00046770789776928723,"w":-0.9976776838302612},"size":68.22821807861328,"orthographic":false}