{"cameraMode":{"drawMode":0,"name":"Shaded","section":"Shading Mode"},"sceneLighting":true,"audioPlay":false,"sceneViewState":{"m_AlwaysRefresh":false,"showFog":true,"showSkybox":true,"showFlares":true,"showImageEffects":true,"showParticleSystems":true,"showVisualEffectGraphs":true,"m_FxEnabled":true},"in2DMode":false,"pivot":{"x":20.552875518798829,"y":22.10045623779297,"z":19.810962677001954},"rotation":{"x":0.022173380479216577,"y":0.8412308096885681,"z":-0.034249067306518558,"w":0.5392844080924988},"size":11.577933311462403,"orthographic":false}