{"cameraMode":{"drawMode":0,"name":"Shaded","section":"Shading Mode"},"sceneLighting":true,"audioPlay":false,"sceneViewState":{"m_AlwaysRefresh":false,"showFog":true,"showSkybox":true,"showFlares":true,"showImageEffects":true,"showParticleSystems":true,"showVisualEffectGraphs":true,"m_FxEnabled":true},"in2DMode":false,"pivot":{"x":99.91859436035156,"y":96.57997131347656,"z":8.84994888305664},"rotation":{"x":0.031800463795661929,"y":-0.01444026455283165,"z":0.0005034625064581633,"w":0.9994316697120667},"size":75.94393920898438,"orthographic":false}